Year,ICD10 Code,ICD10 Diagnosis,Diagnosis Type,Metric,Sex,Value
10,0,1,0,1,-1,71
10,8,5,4,1,-1,363
10,2,2,1,1,-1,353
10,22,6,5,1,-1,1091
10,16,3,2,1,-1,1366
10,26,4,3,1,-1,270
10,7,29,6,1,-1,1348
10,1,31,6,1,-1,471
10,3,20,6,1,-1,643
10,6,18,6,1,-1,872
10,9,11,6,1,-1,1143
10,11,9,6,1,-1,1178
10,10,17,6,1,-1,294
10,4,27,6,1,-1,411
10,5,23,6,1,-1,577
10,12,30,6,1,-1,1286
10,13,19,6,1,-1,818
10,24,13,10,1,-1,1073
10,25,12,10,1,-1,165
10,23,25,10,1,-1,454
10,15,21,7,1,-1,630
10,17,16,7,1,-1,573
10,21,22,7,1,-1,736
10,18,10,7,1,-1,41
10,20,7,7,1,-1,163
10,19,8,7,1,-1,211
10,28,28,8,1,-1,517
10,29,14,8,1,-1,770
10,27,24,8,1,-1,1164
10,14,0,9,1,-1,346
10,31,15,9,1,-1,1171
10,30,26,9,1,-1,104
10,0,1,0,0,-1,909
10,2,2,1,0,-1,308
10,22,6,5,0,-1,247
10,16,3,2,0,-1,198
10,26,4,3,0,-1,429
10,7,29,6,0,-1,1201
10,1,31,6,0,-1,239
10,3,20,6,0,-1,417
10,6,18,6,0,-1,726
10,9,11,6,0,-1,1194
10,11,9,6,0,-1,575
10,10,17,6,0,-1,726
10,4,27,6,0,-1,756
10,5,23,6,0,-1,1089
10,12,30,6,0,-1,602
10,13,19,6,0,-1,1195
10,24,13,10,0,-1,956
10,25,12,10,0,-1,1389
10,23,25,10,0,-1,813
10,15,21,7,0,-1,768
10,17,16,7,0,-1,1063
10,21,22,7,0,-1,1102
10,18,10,7,0,-1,337
10,20,7,7,0,-1,1212
10,19,8,7,0,-1,602
10,28,28,8,0,-1,81
10,29,14,8,0,-1,1089
10,27,24,8,0,-1,580
10,14,0,9,0,-1,339
10,31,15,9,0,-1,1160
10,30,26,9,0,-1,955
10,0,1,0,1,1,978
10,8,5,4,1,1,1387
10,2,2,1,1,1,1293
10,22,6,5,1,1,650
10,16,3,2,1,1,991
10,26,4,3,1,1,1211
10,7,29,6,1,1,907
10,1,31,6,1,1,298
10,3,20,6,1,1,466
10,6,18,6,1,1,753
10,9,11,6,1,1,1
10,11,9,6,1,1,987
10,10,17,6,1,1,9
10,4,27,6,1,1,228
10,5,23,6,1,1,259
10,12,30,6,1,1,704
10,13,19,6,1,1,558
10,24,13,10,1,1,661
10,25,12,10,1,1,1069
10,23,25,10,1,1,34
10,15,21,7,1,1,319
10,17,16,7,1,1,382
10,21,22,7,1,1,480
10,18,10,7,1,1,1008
10,20,7,7,1,1,1397
10,19,8,7,1,1,1322
10,28,28,8,1,1,145
10,29,14,8,1,1,384
10,27,24,8,1,1,556
10,14,0,9,1,1,1198
10,31,15,9,1,1,416
10,30,26,9,1,1,1
10,0,1,0,0,1,633
10,2,2,1,0,1,61
10,22,6,5,0,1,1224
10,16,3,2,0,1,1370
10,26,4,3,0,1,3
10,7,29,6,0,1,780
10,1,31,6,0,1,75
10,3,20,6,0,1,260
10,6,18,6,0,1,659
10,9,11,6,0,1,1
10,11,9,6,0,1,478
10,10,17,6,0,1,678
10,4,27,6,0,1,678
10,5,23,6,0,1,659
10,12,30,6,0,1,385
10,13,19,6,0,1,1014
10,24,13,10,0,1,602
10,25,12,10,0,1,859
10,23,25,10,0,1,550
10,15,21,7,0,1,594
10,17,16,7,0,1,811
10,21,22,7,0,1,700
10,18,10,7,0,1,1404
10,20,7,7,0,1,1064
10,19,8,7,0,1,476
10,28,28,8,0,1,1089
10,29,14,8,0,1,626
10,27,24,8,0,1,68
10,14,0,9,0,1,1250
10,31,15,9,0,1,408
10,30,26,9,0,1,1
10,0,1,0,1,0,1071
10,8,5,4,1,0,1257
10,2,2,1,1,0,1329
10,22,6,5,1,0,660
10,16,3,2,1,0,748
10,26,4,3,1,0,1229
10,7,29,6,1,0,781
10,1,31,6,1,0,1097
10,3,20,6,1,0,1299
10,6,18,6,1,0,1227
10,9,11,6,1,0,1143
10,11,9,6,1,0,320
10,10,17,6,1,0,1003
10,4,27,6,1,0,1011
10,5,23,6,1,0,172
10,12,30,6,1,0,893
10,13,19,6,1,0,374
10,24,13,10,1,0,593
10,25,12,10,1,0,1116
10,23,25,10,1,0,22
10,15,21,7,1,0,199
10,17,16,7,1,0,1328
10,21,22,7,1,0,304
10,18,10,7,1,0,993
10,20,7,7,1,0,582
10,19,8,7,1,0,889
10,28,28,8,1,0,121
10,29,14,8,1,0,484
10,27,24,8,1,0,796
10,14,0,9,1,0,1414
10,31,15,9,1,0,935
10,30,26,9,1,0,104
10,0,1,0,0,0,387
10,2,2,1,0,0,952
10,22,6,5,0,0,1177
10,16,3,2,0,0,760
10,26,4,3,0,0,1418
10,7,29,6,0,0,639
10,1,31,6,0,0,626
10,3,20,6,0,0,942
10,6,18,6,0,0,955
10,9,11,6,0,0,1194
10,11,9,6,0,0,867
10,10,17,6,0,0,764
10,4,27,6,0,0,1080
10,5,23,6,0,0,649
10,12,30,6,0,0,1360
10,13,19,6,0,0,313
10,24,13,10,0,0,476
10,25,12,10,0,0,927
10,23,25,10,0,0,378
10,15,21,7,0,0,185
10,17,16,7,0,0,290
10,21,22,7,0,0,580
10,18,10,7,0,0,1186
10,20,7,7,0,0,282
10,19,8,7,0,0,955
10,28,28,8,0,0,972
10,29,14,8,0,0,668
10,27,24,8,0,0,313
10,14,0,9,0,0,1361
10,31,15,9,0,0,921
10,30,26,9,0,0,955
9,0,1,0,1,-1,43
9,8,5,4,1,-1,329
9,2,2,1,1,-1,326
9,22,6,5,1,-1,1012
9,16,3,2,1,-1,1355
9,26,4,3,1,-1,234
9,7,29,6,1,-1,1338
9,1,31,6,1,-1,463
9,3,20,6,1,-1,637
9,6,18,6,1,-1,820
9,9,11,6,1,-1,1195
9,11,9,6,1,-1,1220
9,10,17,6,1,-1,256
9,4,27,6,1,-1,413
9,5,23,6,1,-1,545
9,12,30,6,1,-1,1285
9,13,19,6,1,-1,777
9,24,13,10,1,-1,1004
9,25,12,10,1,-1,87
9,23,25,10,1,-1,366
9,15,21,7,1,-1,607
9,17,16,7,1,-1,581
9,21,22,7,1,-1,785
9,18,10,7,1,-1,37
9,20,7,7,1,-1,168
9,19,8,7,1,-1,197
9,28,28,8,1,-1,479
9,29,14,8,1,-1,724
9,27,24,8,1,-1,1113
9,14,0,9,1,-1,264
9,31,15,9,1,-1,1180
9,30,26,9,1,-1,90
9,0,1,0,0,-1,856
9,2,2,1,0,-1,309
9,22,6,5,0,-1,177
9,16,3,2,0,-1,198
9,26,4,3,0,-1,396
9,7,29,6,0,-1,1196
9,1,31,6,0,-1,233
9,3,20,6,0,-1,414
9,6,18,6,0,-1,690
9,9,11,6,0,-1,1271
9,11,9,6,0,-1,622
9,10,17,6,0,-1,700
9,4,27,6,0,-1,765
9,5,23,6,0,-1,1053
9,12,30,6,0,-1,602
9,13,19,6,0,-1,1160
9,24,13,10,0,-1,848
9,25,12,10,0,-1,1334
9,23,25,10,0,-1,693
9,15,21,7,0,-1,752
9,17,16,7,0,-1,1075
9,21,22,7,0,-1,1160
9,18,10,7,0,-1,311
9,20,7,7,0,-1,1219
9,19,8,7,0,-1,602
9,28,28,8,0,-1,24
9,29,14,8,0,-1,1023
9,27,24,8,0,-1,549
9,14,0,9,0,-1,258
9,31,15,9,0,-1,1114
9,30,26,9,0,-1,764
9,0,1,0,1,1,951
9,8,5,4,1,1,1357
9,2,2,1,1,1,1272
9,22,6,5,1,1,578
9,16,3,2,1,1,981
9,26,4,3,1,1,1188
9,7,29,6,1,1,896
9,1,31,6,1,1,296
9,3,20,6,1,1,464
9,6,18,6,1,1,722
9,9,11,6,1,1,0
9,11,9,6,1,1,1037
9,10,17,6,1,1,1404
9,4,27,6,1,1,227
9,5,23,6,1,1,205
9,12,30,6,1,1,707
9,13,19,6,1,1,541
9,24,13,10,1,1,618
9,25,12,10,1,1,1022
9,23,25,10,1,1,1349
9,15,21,7,1,1,295
9,17,16,7,1,1,389
9,21,22,7,1,1,526
9,18,10,7,1,1,997
9,20,7,7,1,1,1398
9,19,8,7,1,1,1326
9,28,28,8,1,1,85
9,29,14,8,1,1,322
9,27,24,8,1,1,534
9,14,0,9,1,1,1085
9,31,15,9,1,1,407
9,30,26,9,1,1,0
9,0,1,0,0,1,616
9,2,2,1,0,1,64
9,22,6,5,0,1,1149
9,16,3,2,0,1,1373
9,26,4,3,0,1,1392
9,7,29,6,0,1,778
9,1,31,6,0,1,75
9,3,20,6,0,1,260
9,6,18,6,0,1,649
9,9,11,6,0,1,0
9,11,9,6,0,1,524
9,10,17,6,0,1,659
9,4,27,6,0,1,678
9,5,23,6,0,1,626
9,12,30,6,0,1,385
9,13,19,6,0,1,983
9,24,13,10,0,1,549
9,25,12,10,0,1,813
9,23,25,10,0,1,449
9,15,21,7,0,1,574
9,17,16,7,0,1,830
9,21,22,7,0,1,756
9,18,10,7,0,1,1385
9,20,7,7,0,1,1064
9,19,8,7,0,1,500
9,28,28,8,0,1,1053
9,29,14,8,0,1,563
9,27,24,8,0,1,2
9,14,0,9,0,1,1148
9,31,15,9,0,1,385
9,30,26,9,0,1,0
9,0,1,0,1,0,1044
9,8,5,4,1,0,1226
9,2,2,1,1,0,1298
9,22,6,5,1,0,579
9,16,3,2,1,0,733
9,26,4,3,1,0,1193
9,7,29,6,1,0,776
9,1,31,6,1,0,1067
9,3,20,6,1,0,1277
9,6,18,6,1,0,1152
9,9,11,6,1,0,1195
9,11,9,6,1,0,365
9,10,17,6,1,0,919
9,4,27,6,1,0,1032
9,5,23,6,1,0,125
9,12,30,6,1,0,888
9,13,19,6,1,0,315
9,24,13,10,1,0,532
9,25,12,10,1,0,1062
9,23,25,10,1,0,1303
9,15,21,7,1,0,183
9,17,16,7,1,0,1345
9,21,22,7,1,0,358
9,18,10,7,1,0,996
9,20,7,7,1,0,589
9,19,8,7,1,0,836
9,28,28,8,1,0,59
9,29,14,8,1,0,450
9,27,24,8,1,0,746
9,14,0,9,1,0,1313
9,31,15,9,1,0,949
9,30,26,9,1,0,90
9,0,1,0,0,0,354
9,2,2,1,0,0,946
9,22,6,5,0,0,1077
9,16,3,2,0,0,754
9,26,4,3,0,0,1361
9,7,29,6,0,0,632
9,1,31,6,0,0,602
9,3,20,6,0,0,921
9,6,18,6,0,0,955
9,9,11,6,0,0,1271
9,11,9,6,0,0,942
9,10,17,6,0,0,764
9,4,27,6,0,0,1080
9,5,23,6,0,0,602
9,12,30,6,0,0,1360
9,13,19,6,0,0,282
9,24,13,10,0,0,434
9,25,12,10,0,0,833
9,23,25,10,0,0,222
9,15,21,7,0,0,167
9,17,16,7,0,0,290
9,21,22,7,0,0,626
9,18,10,7,0,0,1137
9,20,7,7,0,0,282
9,19,8,7,0,0,955
9,28,28,8,0,0,894
9,29,14,8,0,0,626
9,27,24,8,0,0,238
9,14,0,9,0,0,1250
9,31,15,9,0,0,829
9,30,26,9,0,0,764
8,0,1,0,1,-1,19
8,8,5,4,1,-1,314
8,2,2,1,1,-1,299
8,22,6,5,1,-1,1019
8,16,3,2,1,-1,1346
8,26,4,3,1,-1,214
8,7,29,6,1,-1,1308
8,1,31,6,1,-1,443
8,3,20,6,1,-1,625
8,6,18,6,1,-1,900
8,9,11,6,1,-1,1167
8,11,9,6,1,-1,1233
8,10,17,6,1,-1,225
8,4,27,6,1,-1,415
8,5,23,6,1,-1,492
8,12,30,6,1,-1,1243
8,13,19,6,1,-1,769
8,24,13,10,1,-1,1046
8,25,12,10,1,-1,123
8,23,25,10,1,-1,350
8,15,21,7,1,-1,584
8,17,16,7,1,-1,586
8,21,22,7,1,-1,799
8,18,10,7,1,-1,45
8,20,7,7,1,-1,147
8,19,8,7,1,-1,18
8,28,28,8,1,-1,481
8,29,14,8,1,-1,671
8,27,24,8,1,-1,1078
8,14,0,9,1,-1,208
8,31,15,9,1,-1,1144
8,30,26,9,1,-1,112
8,0,1,0,0,-1,868
8,2,2,1,0,-1,306
8,22,6,5,0,-1,201
8,16,3,2,0,-1,215
8,26,4,3,0,-1,400
8,7,29,6,0,-1,1168
8,1,31,6,0,-1,218
8,3,20,6,0,-1,410
8,6,18,6,0,-1,741
8,9,11,6,0,-1,1271
8,11,9,6,0,-1,639
8,10,17,6,0,-1,690
8,4,27,6,0,-1,765
8,5,23,6,0,-1,1014
8,12,30,6,0,-1,563
8,13,19,6,0,-1,1148
8,24,13,10,0,-1,921
8,25,12,10,0,-1,1362
8,23,25,10,0,-1,711
8,15,21,7,0,-1,752
8,17,16,7,0,-1,1098
8,21,22,7,0,-1,1219
8,18,10,7,0,-1,351
8,20,7,7,0,-1,1219
8,19,8,7,0,-1,500
8,28,28,8,0,-1,53
8,29,14,8,0,-1,1002
8,27,24,8,0,-1,525
8,14,0,9,0,-1,222
8,31,15,9,0,-1,1126
8,30,26,9,0,-1,955
8,0,1,0,1,1,928
8,8,5,4,1,1,1340
8,2,2,1,1,1,1249
8,22,6,5,1,1,576
8,16,3,2,1,1,973
8,26,4,3,1,1,1158
8,7,29,6,1,1,879
8,1,31,6,1,1,274
8,3,20,6,1,1,451
8,6,18,6,1,1,758
8,9,11,6,1,1,0
8,11,9,6,1,1,1048
8,10,17,6,1,1,1376
8,4,27,6,1,1,229
8,5,23,6,1,1,149
8,12,30,6,1,1,685
8,13,19,6,1,1,521
8,24,13,10,1,1,644
8,25,12,10,1,1,1040
8,23,25,10,1,1,1323
8,15,21,7,1,1,277
8,17,16,7,1,1,394
8,21,22,7,1,1,543
8,18,10,7,1,1,1006
8,20,7,7,1,1,1381
8,19,8,7,1,1,1151
8,28,28,8,1,1,94
8,29,14,8,1,1,255
8,27,24,8,1,1,504
8,14,0,9,1,1,1029
8,31,15,9,1,1,379
8,30,26,9,1,1,0
8,0,1,0,0,1,621
8,2,2,1,0,1,62
8,22,6,5,0,1,1163
8,16,3,2,0,1,1390
8,26,4,3,0,1,1392
8,7,29,6,0,1,773
8,1,31,6,0,1,49
8,3,20,6,0,1,242
8,6,18,6,0,1,668
8,9,11,6,0,1,0
8,11,9,6,0,1,538
8,10,17,6,0,1,659
8,4,27,6,0,1,690
8,5,23,6,0,1,602
8,12,30,6,0,1,385
8,13,19,6,0,1,972
8,24,13,10,0,1,563
8,25,12,10,0,1,828
8,23,25,10,0,1,453
8,15,21,7,0,1,574
8,17,16,7,0,1,857
8,21,22,7,0,1,817
8,18,10,7,0,1,1418
8,20,7,7,0,1,1053
8,19,8,7,0,1,385
8,28,28,8,0,1,1074
8,29,14,8,0,1,549
8,27,24,8,0,1,2
8,14,0,9,0,1,1126
8,31,15,9,0,1,356
8,30,26,9,0,1,0
8,0,1,0,1,0,1020
8,8,5,4,1,0,1213
8,2,2,1,1,0,1265
8,22,6,5,1,0,587
8,16,3,2,1,0,727
8,26,4,3,1,0,1159
8,7,29,6,1,0,734
8,1,31,6,1,0,1058
8,3,20,6,1,0,1291
8,6,18,6,1,0,1266
8,9,11,6,1,0,1166
8,11,9,6,1,0,383
8,10,17,6,1,0,844
8,4,27,6,1,0,1032
8,5,23,6,1,0,44
8,12,30,6,1,0,807
8,13,19,6,1,0,334
8,24,13,10,1,0,569
8,25,12,10,1,0,1087
8,23,25,10,1,0,1294
8,15,21,7,1,0,170
8,17,16,7,1,0,1359
8,21,22,7,1,0,362
8,18,10,7,1,0,1005
8,20,7,7,1,0,590
8,19,8,7,1,0,716
8,28,28,8,1,0,60
8,29,14,8,1,0,388
8,27,24,8,1,0,720
8,14,0,9,1,0,1247
8,31,15,9,1,0,917
8,30,26,9,1,0,112
8,0,1,0,0,0,369
8,2,2,1,0,0,912
8,22,6,5,0,0,1121
8,16,3,2,0,0,772
8,26,4,3,0,0,1367
8,7,29,6,0,0,594
8,1,31,6,0,0,602
8,3,20,6,0,0,942
8,6,18,6,0,0,1080
8,9,11,6,0,0,1271
8,11,9,6,0,0,972
8,10,17,6,0,0,764
8,4,27,6,0,0,1080
8,5,23,6,0,0,563
8,12,30,6,0,0,1360
8,13,19,6,0,0,282
8,24,13,10,0,0,457
8,25,12,10,0,0,875
8,23,25,10,0,0,287
8,15,21,7,0,0,167
8,17,16,7,0,0,323
8,21,22,7,0,0,649
8,18,10,7,0,0,1195
8,20,7,7,0,0,282
8,19,8,7,0,0,764
8,28,28,8,0,0,942
8,29,14,8,0,0,602
8,27,24,8,0,0,238
8,14,0,9,0,0,1212
8,31,15,9,0,0,894
8,30,26,9,0,0,955
7,0,1,0,1,-1,11
7,8,5,4,1,-1,302
7,2,2,1,1,-1,291
7,22,6,5,1,-1,943
7,16,3,2,1,-1,1356
7,26,4,3,1,-1,223
7,7,29,6,1,-1,1310
7,1,31,6,1,-1,437
7,3,20,6,1,-1,623
7,6,18,6,1,-1,861
7,9,11,6,1,-1,1204
7,11,9,6,1,-1,1306
7,10,17,6,1,-1,271
7,4,27,6,1,-1,438
7,5,23,6,1,-1,536
7,12,30,6,1,-1,1358
7,13,19,6,1,-1,767
7,24,13,10,1,-1,1024
7,25,12,10,1,-1,56
7,23,25,10,1,-1,266
7,15,21,7,1,-1,572
7,17,16,7,1,-1,599
7,21,22,7,1,-1,792
7,18,10,7,1,-1,36
7,20,7,7,1,-1,155
7,19,8,7,1,-1,1388
7,28,28,8,1,-1,491
7,29,14,8,1,-1,652
7,27,24,8,1,-1,1056
7,14,0,9,1,-1,134
7,31,15,9,1,-1,1145
7,30,26,9,1,-1,151
7,0,1,0,0,-1,865
7,2,2,1,0,-1,331
7,22,6,5,0,-1,161
7,16,3,2,0,-1,224
7,26,4,3,0,-1,392
7,7,29,6,0,-1,1181
7,1,31,6,0,-1,213
7,3,20,6,0,-1,414
7,6,18,6,0,-1,726
7,9,11,6,0,-1,1271
7,11,9,6,0,-1,691
7,10,17,6,0,-1,726
7,4,27,6,0,-1,817
7,5,23,6,0,-1,1074
7,12,30,6,0,-1,668
7,13,19,6,0,-1,1172
7,24,13,10,0,-1,894
7,25,12,10,0,-1,1314
7,23,25,10,0,-1,667
7,15,21,7,0,-1,751
7,17,16,7,0,-1,1129
7,21,22,7,0,-1,1212
7,18,10,7,0,-1,357
7,20,7,7,0,-1,1228
7,19,8,7,0,-1,434
7,28,28,8,0,-1,75
7,29,14,8,0,-1,942
7,27,24,8,0,-1,525
7,14,0,9,0,-1,178
7,31,15,9,0,-1,1186
7,30,26,9,0,-1,955
7,0,1,0,1,1,915
7,8,5,4,1,1,1325
7,2,2,1,1,1,1239
7,22,6,5,1,1,539
7,16,3,2,1,1,980
7,26,4,3,1,1,1161
7,7,29,6,1,1,898
7,1,31,6,1,1,261
7,3,20,6,1,1,445
7,6,18,6,1,1,730
7,9,11,6,1,1,0
7,11,9,6,1,1,1118
7,10,17,6,1,1,1403
7,4,27,6,1,1,262
7,5,23,6,1,1,184
7,12,30,6,1,1,759
7,13,19,6,1,1,518
7,24,13,10,1,1,634
7,25,12,10,1,1,1000
7,23,25,10,1,1,1235
7,15,21,7,1,1,265
7,17,16,7,1,1,399
7,21,22,7,1,1,531
7,18,10,7,1,1,994
7,20,7,7,1,1,1386
7,19,8,7,1,1,1082
7,28,28,8,1,1,103
7,29,14,8,1,1,203
7,27,24,8,1,1,488
7,14,0,9,1,1,933
7,31,15,9,1,1,355
7,30,26,9,1,1,0
7,0,1,0,0,1,619
7,2,2,1,0,1,96
7,22,6,5,0,1,1112
7,16,3,2,0,1,1393
7,26,4,3,0,1,1367
7,7,29,6,0,1,783
7,1,31,6,0,1,33
7,3,20,6,0,1,251
7,6,18,6,0,1,649
7,9,11,6,0,1,0
7,11,9,6,0,1,600
7,10,17,6,0,1,668
7,4,27,6,0,1,710
7,5,23,6,0,1,626
7,12,30,6,0,1,457
7,13,19,6,0,1,983
7,24,13,10,0,1,563
7,25,12,10,0,1,794
7,23,25,10,0,1,401
7,15,21,7,0,1,564
7,17,16,7,0,1,887
7,21,22,7,0,1,782
7,18,10,7,0,1,1416
7,20,7,7,0,1,1064
7,19,8,7,0,1,313
7,28,28,8,0,1,1074
7,29,14,8,0,1,476
7,27,24,8,0,1,2
7,14,0,9,0,1,1038
7,31,15,9,0,1,356
7,30,26,9,0,1,0
7,0,1,0,1,0,1015
7,8,5,4,1,0,1199
7,2,2,1,1,0,1256
7,22,6,5,1,0,533
7,16,3,2,1,0,738
7,26,4,3,1,0,1189
7,7,29,6,1,0,728
7,1,31,6,1,0,1039
7,3,20,6,1,0,1301
7,6,18,6,1,0,1330
7,9,11,6,1,0,1204
7,11,9,6,1,0,442
7,10,17,6,1,0,964
7,4,27,6,1,0,1041
7,5,23,6,1,0,132
7,12,30,6,1,0,961
7,13,19,6,1,0,335
7,24,13,10,1,0,559
7,25,12,10,1,0,1031
7,23,25,10,1,0,1202
7,15,21,7,1,0,143
7,17,16,7,1,0,1379
7,21,22,7,1,0,364
7,18,10,7,1,0,1001
7,20,7,7,1,0,597
7,19,8,7,1,0,684
7,28,28,8,1,0,80
7,29,14,8,1,0,367
7,27,24,8,1,0,699
7,14,0,9,1,0,1192
7,31,15,9,1,0,936
7,30,26,9,1,0,151
7,0,1,0,0,0,368
7,2,2,1,0,0,957
7,22,6,5,0,0,1068
7,16,3,2,0,0,808
7,26,4,3,0,0,1374
7,7,29,6,0,0,594
7,1,31,6,0,0,602
7,3,20,6,0,0,972
7,6,18,6,0,0,1194
7,9,11,6,0,0,1271
7,11,9,6,0,0,1102
7,10,17,6,0,0,764
7,4,27,6,0,0,1194
7,5,23,6,0,0,659
7,12,30,6,0,0,68
7,13,19,6,0,0,313
7,24,13,10,0,0,457
7,25,12,10,0,0,819
7,23,25,10,0,0,207
7,15,21,7,0,0,178
7,17,16,7,0,0,370
7,21,22,7,0,0,668
7,18,10,7,0,0,1212
7,20,7,7,0,0,313
7,19,8,7,0,0,764
7,28,28,8,0,0,972
7,29,14,8,0,0,580
7,27,24,8,0,0,238
7,14,0,9,0,0,1195
7,31,15,9,0,0,983
7,30,26,9,0,0,955
6,0,1,0,1,-1,-1
6,8,5,4,1,-1,292
6,2,2,1,1,-1,267
6,22,6,5,1,-1,944
6,16,3,2,1,-1,1351
6,26,4,3,1,-1,189
6,7,29,6,1,-1,1276
6,1,31,6,1,-1,423
6,3,20,6,1,-1,638
6,6,18,6,1,-1,926
6,9,11,6,1,-1,1139
6,11,9,6,1,-1,1280
6,10,17,6,1,-1,230
6,4,27,6,1,-1,441
6,5,23,6,1,-1,515
6,12,30,6,1,-1,1369
6,13,19,6,1,-1,729
6,24,13,10,1,-1,1096
6,25,12,10,1,-1,89
6,23,25,10,1,-1,250
6,15,21,7,1,-1,557
6,17,16,7,1,-1,598
6,21,22,7,1,-1,798
6,18,10,7,1,-1,21
6,20,7,7,1,-1,119
6,19,8,7,1,-1,1321
6,28,28,8,1,-1,497
6,29,14,8,1,-1,612
6,27,24,8,1,-1,1010
6,14,0,9,1,-1,93
6,31,15,9,1,-1,1135
6,30,26,9,1,-1,193
6,0,1,0,0,-1,866
6,2,2,1,0,-1,316
6,22,6,5,0,-1,181
6,16,3,2,0,-1,220
6,26,4,3,0,-1,386
6,7,29,6,0,-1,1150
6,1,31,6,0,-1,200
6,3,20,6,0,-1,425
6,6,18,6,0,-1,756
6,9,11,6,0,-1,1271
6,11,9,6,0,-1,682
6,10,17,6,0,-1,700
6,4,27,6,0,-1,829
6,5,23,6,0,-1,1053
6,12,30,6,0,-1,678
6,13,19,6,0,-1,1114
6,24,13,10,0,-1,1002
6,25,12,10,0,-1,1350
6,23,25,10,0,-1,669
6,15,21,7,0,-1,732
6,17,16,7,0,-1,1136
6,21,22,7,0,-1,1219
6,18,10,7,0,-1,344
6,20,7,7,0,-1,1206
6,19,8,7,0,-1,408
6,28,28,8,0,-1,92
6,29,14,8,0,-1,867
6,27,24,8,0,-1,476
6,14,0,9,0,-1,167
6,31,15,9,0,-1,1206
6,30,26,9,0,-1,1080
6,0,1,0,1,1,885
6,8,5,4,1,1,1311
6,2,2,1,1,1,1205
6,22,6,5,1,1,537
6,16,3,2,1,1,968
6,26,4,3,1,1,1117
6,7,29,6,1,1,862
6,1,31,6,1,1,237
6,3,20,6,1,1,462
6,6,18,6,1,1,761
6,9,11,6,1,1,0
6,11,9,6,1,1,1100
6,10,17,6,1,1,1364
6,4,27,6,1,1,268
6,5,23,6,1,1,202
6,12,30,6,1,1,774
6,13,19,6,1,1,456
6,24,13,10,1,1,675
6,25,12,10,1,1,1025
6,23,25,10,1,1,1218
6,15,21,7,1,1,236
6,17,16,7,1,1,398
6,21,22,7,1,1,546
6,18,10,7,1,1,976
6,20,7,7,1,1,1353
6,19,8,7,1,1,1030
6,28,28,8,1,1,120
6,29,14,8,1,1,142
6,27,24,8,1,1,458
6,14,0,9,1,1,871
6,31,15,9,1,1,360
6,30,26,9,1,1,0
6,0,1,0,0,1,617
6,2,2,1,0,1,82
6,22,6,5,0,1,1138
6,16,3,2,0,1,1382
6,26,4,3,0,1,1361
6,7,29,6,0,1,766
6,1,31,6,0,1,13
6,3,20,6,0,1,272
6,6,18,6,0,1,668
6,9,11,6,0,1,0
6,11,9,6,0,1,588
6,10,17,6,0,1,659
6,4,27,6,0,1,726
6,5,23,6,0,1,649
6,12,30,6,0,1,476
6,13,19,6,0,1,894
6,24,13,10,0,1,626
6,25,12,10,0,1,822
6,23,25,10,0,1,396
6,15,21,7,0,1,555
6,17,16,7,0,1,890
6,21,22,7,0,1,802
6,18,10,7,0,1,1399
6,20,7,7,0,1,1038
6,19,8,7,0,1,282
6,28,28,8,0,1,1089
6,29,14,8,0,1,434
6,27,24,8,0,1,1360
6,14,0,9,0,1,1002
6,31,15,9,0,1,356
6,30,26,9,0,1,0
6,0,1,0,1,0,1007
6,8,5,4,1,0,1187
6,2,2,1,1,0,1234
6,22,6,5,1,0,535
6,16,3,2,1,0,739
6,26,4,3,1,0,1142
6,7,29,6,1,0,702
6,1,31,6,1,0,1055
6,3,20,6,1,0,1300
6,6,18,6,1,0,1333
6,9,11,6,1,0,1137
6,11,9,6,1,0,424
6,10,17,6,1,0,920
6,4,27,6,1,0,1065
6,5,23,6,1,0,29
6,12,30,6,1,0,969
6,13,19,6,1,0,324
6,24,13,10,1,0,615
6,25,12,10,1,0,1060
6,23,25,10,1,0,1184
6,15,21,7,1,0,124
6,17,16,7,1,0,1378
6,21,22,7,1,0,352
6,18,10,7,1,0,985
6,20,7,7,1,0,585
6,19,8,7,1,0,645
6,28,28,8,1,0,83
6,29,14,8,1,0,328
6,27,24,8,1,0,673
6,14,0,9,1,0,1157
6,31,15,9,1,0,910
6,30,26,9,1,0,193
6,0,1,0,0,0,371
6,2,2,1,0,0,929
6,22,6,5,0,0,1093
6,16,3,2,0,0,811
6,26,4,3,0,0,1367
6,7,29,6,0,0,565
6,1,31,6,0,0,626
6,3,20,6,0,0,972
6,6,18,6,0,0,1194
6,9,11,6,0,0,1271
6,11,9,6,0,0,1081
6,10,17,6,0,0,764
6,4,27,6,0,0,1194
6,5,23,6,0,0,580
6,12,30,6,0,0,68
6,13,19,6,0,0,313
6,24,13,10,0,0,500
6,25,12,10,0,0,847
6,23,25,10,0,0,239
6,15,21,7,0,0,176
6,17,16,7,0,0,380
6,21,22,7,0,0,668
6,18,10,7,0,0,1212
6,20,7,7,0,0,282
6,19,8,7,0,0,764
6,28,28,8,0,0,983
6,29,14,8,0,0,563
6,27,24,8,0,0,195
6,14,0,9,0,0,1186
6,31,15,9,0,0,1014
6,30,26,9,0,0,1080
5,0,1,0,1,-1,1413
5,8,5,4,1,-1,279
5,2,2,1,1,-1,248
5,22,6,5,1,-1,855
5,16,3,2,1,-1,1341
5,26,4,3,1,-1,174
5,7,29,6,1,-1,1295
5,1,31,6,1,-1,404
5,3,20,6,1,-1,656
5,6,18,6,1,-1,903
5,9,11,6,1,-1,1191
5,11,9,6,1,-1,1302
5,10,17,6,1,-1,232
5,4,27,6,1,-1,461
5,5,23,6,1,-1,505
5,12,30,6,1,-1,8
5,13,19,6,1,-1,697
5,24,13,10,1,-1,1094
5,25,12,10,1,-1,28
5,23,25,10,1,-1,157
5,15,21,7,1,-1,547
5,17,16,7,1,-1,610
5,21,22,7,1,-1,790
5,18,10,7,1,-1,7
5,20,7,7,1,-1,128
5,19,8,7,1,-1,1251
5,28,28,8,1,-1,516
5,29,14,8,1,-1,566
5,27,24,8,1,-1,939
5,14,0,9,1,-1,35
5,31,15,9,1,-1,1133
5,30,26,9,1,-1,246
5,0,1,0,0,-1,869
5,2,2,1,0,-1,340
5,22,6,5,0,-1,118
5,16,3,2,0,-1,244
5,26,4,3,0,-1,401
5,7,29,6,0,-1,1175
5,1,31,6,0,-1,185
5,3,20,6,0,-1,455
5,6,18,6,0,-1,741
5,9,11,6,0,-1,1360
5,11,9,6,0,-1,705
5,10,17,6,0,-1,726
5,4,27,6,0,-1,921
5,5,23,6,0,-1,1074
5,12,30,6,0,-1,726
5,13,19,6,0,-1,1089
5,24,13,10,0,-1,1002
5,25,12,10,0,-1,1292
5,23,25,10,0,-1,609
5,15,21,7,0,-1,747
5,17,16,7,0,-1,1190
5,21,22,7,0,-1,1250
5,18,10,7,0,-1,347
5,20,7,7,0,-1,1228
5,19,8,7,0,-1,385
5,28,28,8,0,-1,145
5,29,14,8,0,-1,848
5,27,24,8,0,-1,457
5,14,0,9,0,-1,145
5,31,15,9,0,-1,1186
5,30,26,9,0,-1,1194
5,0,1,0,1,1,854
5,8,5,4,1,1,1290
5,2,2,1,1,1,1185
5,22,6,5,1,1,499
5,16,3,2,1,1,959
5,26,4,3,1,1,1092
5,7,29,6,1,1,880
5,1,31,6,1,1,217
5,3,20,6,1,1,475
5,6,18,6,1,1,763
5,9,11,6,1,1,0
5,11,9,6,1,1,1131
5,10,17,6,1,1,1368
5,4,27,6,1,1,285
5,5,23,6,1,1,166
5,12,30,6,1,1,821
5,13,19,6,1,1,426
5,24,13,10,1,1,688
5,25,12,10,1,1,992
5,23,25,10,1,1,1108
5,15,21,7,1,1,221
5,17,16,7,1,1,403
5,21,22,7,1,1,540
5,18,10,7,1,1,947
5,20,7,7,1,1,1372
5,19,8,7,1,1,953
5,28,28,8,1,1,159
5,29,14,8,1,1,79
5,27,24,8,1,1,418
5,14,0,9,1,1,810
5,31,15,9,1,1,349
5,30,26,9,1,1,0
5,0,1,0,0,1,628
5,2,2,1,0,1,118
5,22,6,5,0,1,1090
5,16,3,2,0,1,1412
5,26,4,3,0,1,1399
5,7,29,6,0,1,780
5,1,31,6,0,1,3
5,3,20,6,0,1,297
5,6,18,6,0,1,678
5,9,11,6,0,1,0
5,11,9,6,0,1,635
5,10,17,6,0,1,668
5,4,27,6,0,1,765
5,5,23,6,0,1,649
5,12,30,6,0,1,525
5,13,19,6,0,1,867
5,24,13,10,0,1,649
5,25,12,10,0,1,800
5,23,25,10,0,1,323
5,15,21,7,0,1,562
5,17,16,7,0,1,962
5,21,22,7,0,1,848
5,18,10,7,0,1,1399
5,20,7,7,0,1,1074
5,19,8,7,0,1,238
5,28,28,8,0,1,1137
5,29,14,8,0,1,434
5,27,24,8,0,1,1360
5,14,0,9,0,1,983
5,31,15,9,0,1,313
5,30,26,9,0,1,0
5,0,1,0,1,0,988
5,8,5,4,1,0,1155
5,2,2,1,1,0,1216
5,22,6,5,1,0,486
5,16,3,2,1,0,731
5,26,4,3,1,0,1115
5,7,29,6,1,0,715
5,1,31,6,1,0,1009
5,3,20,6,1,0,1335
5,6,18,6,1,0,1223
5,9,11,6,1,0,1191
5,11,9,6,1,0,419
5,10,17,6,1,0,918
5,4,27,6,1,0,1084
5,5,23,6,1,0,67
5,12,30,6,1,0,1057
5,13,19,6,1,0,269
5,24,13,10,1,0,592
5,25,12,10,1,0,986
5,23,25,10,1,0,1066
5,15,21,7,1,0,99
5,17,16,7,1,0,1394
5,21,22,7,1,0,341
5,18,10,7,1,0,977
5,20,7,7,1,0,567
5,19,8,7,1,0,591
5,28,28,8,1,0,109
5,29,14,8,1,0,284
5,27,24,8,1,0,634
5,14,0,9,1,0,1109
5,31,15,9,1,0,906
5,30,26,9,1,0,246
5,0,1,0,0,0,359
5,2,2,1,0,0,952
5,22,6,5,0,0,1026
5,16,3,2,0,0,825
5,26,4,3,0,0,1367
5,7,29,6,0,0,583
5,1,31,6,0,0,602
5,3,20,6,0,0,1014
5,6,18,6,0,0,1080
5,9,11,6,0,0,1360
5,11,9,6,0,0,1089
5,10,17,6,0,0,764
5,4,27,6,0,0,1271
5,5,23,6,0,0,626
5,12,30,6,0,0,195
5,13,19,6,0,0,282
5,24,13,10,0,0,500
5,25,12,10,0,0,780
5,23,25,10,0,0,145
5,15,21,7,0,0,176
5,17,16,7,0,0,406
5,21,22,7,0,0,668
5,18,10,7,0,0,1219
5,20,7,7,0,0,282
5,19,8,7,0,0,764
5,28,28,8,0,0,1023
5,29,14,8,0,0,549
5,27,24,8,0,0,144
5,14,0,9,0,0,1160
5,31,15,9,0,0,1002
5,30,26,9,0,0,1194
4,0,1,0,1,-1,1395
4,8,5,4,1,-1,278
4,2,2,1,1,-1,595
4,22,6,5,1,-1,1383
4,16,3,2,1,-1,373
4,26,4,3,1,-1,514
4,7,29,6,1,-1,1282
4,1,31,6,1,-1,372
4,3,20,6,1,-1,674
4,6,18,6,1,-1,884
4,9,11,6,1,-1,1208
4,11,9,6,1,-1,1320
4,10,17,6,1,-1,192
4,4,27,6,1,-1,472
4,5,23,6,1,-1,485
4,12,30,6,1,-1,114
4,13,19,6,1,-1,694
4,24,13,10,1,-1,1111
4,25,12,10,1,-1,76
4,23,25,10,1,-1,105
4,15,21,7,1,-1,530
4,17,16,7,1,-1,641
4,21,22,7,1,-1,784
4,18,10,7,1,-1,1400
4,20,7,7,1,-1,156
4,19,8,7,1,-1,1268
4,28,28,8,1,-1,511
4,29,14,8,1,-1,507
4,27,24,8,1,-1,816
4,14,0,9,1,-1,48
4,31,15,9,1,-1,1104
4,30,26,9,1,-1,179
4,0,1,0,0,-1,874
4,2,2,1,0,-1,340
4,22,6,5,0,-1,140
4,16,3,2,0,-1,241
4,26,4,3,0,-1,376
4,7,29,6,0,-1,1165
4,1,31,6,0,-1,126
4,3,20,6,0,-1,487
4,6,18,6,0,-1,741
4,9,11,6,0,-1,1360
4,11,9,6,0,-1,709
4,10,17,6,0,-1,690
4,4,27,6,0,-1,942
4,5,23,6,0,-1,1038
4,12,30,6,0,-1,802
4,13,19,6,0,-1,1089
4,24,13,10,0,-1,1014
4,25,12,10,0,-1,1344
4,23,25,10,0,-1,564
4,15,21,7,0,-1,723
4,17,16,7,0,-1,1210
4,21,22,7,0,-1,1228
4,18,10,7,0,-1,290
4,20,7,7,0,-1,1238
4,19,8,7,0,-1,385
4,28,28,8,0,-1,130
4,29,14,8,0,-1,756
4,27,24,8,0,-1,385
4,14,0,9,0,-1,130
4,31,15,9,0,-1,1148
4,30,26,9,0,-1,1080
4,0,1,0,1,1,827
4,8,5,4,1,1,1288
4,2,2,1,1,1,216
4,22,6,5,1,1,883
4,16,3,2,1,1,1419
4,26,4,3,1,1,113
4,7,29,6,1,1,892
4,1,31,6,1,1,175
4,3,20,6,1,1,520
4,6,18,6,1,1,757
4,9,11,6,1,1,0
4,11,9,6,1,1,1141
4,10,17,6,1,1,1309
4,4,27,6,1,1,303
4,5,23,6,1,1,84
4,12,30,6,1,1,954
4,13,19,6,1,1,428
4,24,13,10,1,1,689
4,25,12,10,1,1,1033
4,23,25,10,1,1,1072
4,15,21,7,1,1,204
4,17,16,7,1,1,420
4,21,22,7,1,1,528
4,18,10,7,1,1,881
4,20,7,7,1,1,1380
4,19,8,7,1,1,960
4,28,28,8,1,1,137
4,29,14,8,1,1,1408
4,27,24,8,1,1,361
4,14,0,9,1,1,812
4,31,15,9,1,1,300
4,30,26,9,1,1,0
4,0,1,0,0,1,631
4,2,2,1,0,1,127
4,22,6,5,0,1,1106
4,16,3,2,0,1,1411
4,26,4,3,0,1,1343
4,7,29,6,0,1,787
4,1,31,6,0,1,1374
4,3,20,6,0,1,347
4,6,18,6,0,1,668
4,9,11,6,0,1,0
4,11,9,6,0,1,646
4,10,17,6,0,1,649
4,4,27,6,0,1,782
4,5,23,6,0,1,563
4,12,30,6,0,1,580
4,13,19,6,0,1,867
4,24,13,10,0,1,649
4,25,12,10,0,1,837
4,23,25,10,0,1,283
4,15,21,7,0,1,542
4,17,16,7,0,1,990
4,21,22,7,0,1,802
4,18,10,7,0,1,1327
4,20,7,7,0,1,1074
4,19,8,7,0,1,238
4,28,28,8,0,1,1114
4,29,14,8,0,1,356
4,27,24,8,0,1,1271
4,14,0,9,0,1,983
4,31,15,9,0,1,282
4,30,26,9,0,1,0
4,0,1,0,1,0,967
4,8,5,4,1,0,1154
4,2,2,1,1,0,245
4,22,6,5,1,0,873
4,16,3,2,1,0,1232
4,26,4,3,1,0,139
4,7,29,6,1,0,701
4,1,31,6,1,0,950
4,3,20,6,1,0,1365
4,6,18,6,1,0,1241
4,9,11,6,1,0,1207
4,11,9,6,1,0,421
4,10,17,6,1,0,849
4,4,27,6,1,0,1103
4,5,23,6,1,0,73
4,12,30,6,1,0,1147
4,13,19,6,1,0,263
4,24,13,10,1,0,624
4,25,12,10,1,0,1034
4,23,25,10,1,0,1035
4,15,21,7,1,0,77
4,17,16,7,1,0,4
4,21,22,7,1,0,348
4,18,10,7,1,0,934
4,20,7,7,1,0,606
4,19,8,7,1,0,636
4,28,28,8,1,0,117
4,29,14,8,1,0,219
4,27,24,8,1,0,561
4,14,0,9,1,0,1127
4,31,15,9,1,0,878
4,30,26,9,1,0,179
4,0,1,0,0,0,359
4,2,2,1,0,0,940
4,22,6,5,0,0,1054
4,16,3,2,0,0,823
4,26,4,3,0,0,1343
4,7,29,6,0,0,565
4,1,31,6,0,0,549
4,3,20,6,0,0,1038
4,6,18,6,0,0,1080
4,9,11,6,0,0,1360
4,11,9,6,0,0,1081
4,10,17,6,0,0,764
4,4,27,6,0,0,1271
4,5,23,6,0,0,626
4,12,30,6,0,0,282
4,13,19,6,0,0,238
4,24,13,10,0,0,525
4,25,12,10,0,0,822
4,23,25,10,0,0,69
4,15,21,7,0,0,158
4,17,16,7,0,0,422
4,21,22,7,0,0,668
4,18,10,7,0,0,1160
4,20,7,7,0,0,313
4,19,8,7,0,0,764
4,28,28,8,0,0,1023
4,29,14,8,0,0,476
4,27,24,8,0,0,68
4,14,0,9,0,0,1148
4,31,15,9,0,0,972
4,30,26,9,0,0,1080
3,0,1,0,1,-1,1352
3,8,5,4,1,-1,257
3,2,2,1,1,-1,209
3,22,6,5,1,-1,801
3,16,3,2,1,-1,1319
3,26,4,3,1,-1,63
3,7,29,6,1,-1,1281
3,1,31,6,1,-1,307
3,3,20,6,1,-1,676
3,6,18,6,1,-1,853
3,9,11,6,1,-1,1146
3,11,9,6,1,-1,1274
3,10,17,6,1,-1,131
3,4,27,6,1,-1,509
3,5,23,6,1,-1,469
3,12,30,6,1,-1,58
3,13,19,6,1,-1,670
3,24,13,10,1,-1,1050
3,25,12,10,1,-1,5
3,23,25,10,1,-1,1415
3,15,21,7,1,-1,513
3,17,16,7,1,-1,651
3,21,22,7,1,-1,743
3,18,10,7,1,-1,1377
3,20,7,7,1,-1,122
3,19,8,7,1,-1,1324
3,28,28,8,1,-1,506
3,29,14,8,1,-1,432
3,27,24,8,1,-1,706
3,14,0,9,1,-1,30
3,31,15,9,1,-1,1099
3,30,26,9,1,-1,162
3,0,1,0,0,-1,831
3,2,2,1,0,-1,318
3,22,6,5,0,-1,40
3,16,3,2,0,-1,231
3,26,4,3,0,-1,337
3,7,29,6,0,-1,1163
3,1,31,6,0,-1,33
3,3,20,6,0,-1,482
3,6,18,6,0,-1,726
3,9,11,6,0,-1,1271
3,11,9,6,0,-1,686
3,10,17,6,0,-1,659
3,4,27,6,0,-1,972
3,5,23,6,0,-1,1014
3,12,30,6,0,-1,756
3,13,19,6,0,-1,1038
3,24,13,10,0,-1,942
3,25,12,10,0,-1,1263
3,23,25,10,0,-1,474
3,15,21,7,0,-1,703
3,17,16,7,0,-1,1217
3,21,22,7,0,-1,1186
3,18,10,7,0,-1,272
3,20,7,7,0,-1,1212
3,19,8,7,0,-1,408
3,28,28,8,0,-1,115
3,29,14,8,0,-1,678
3,27,24,8,0,-1,282
3,14,0,9,0,-1,110
3,31,15,9,0,-1,1114
3,30,26,9,0,-1,1080
3,0,1,0,1,1,789
3,8,5,4,1,1,1269
3,2,2,1,1,1,1132
3,22,6,5,1,1,465
3,16,3,2,1,1,938
3,26,4,3,1,1,1017
3,7,29,6,1,1,925
3,1,31,6,1,1,72
3,3,20,6,1,1,510
3,6,18,6,1,1,737
3,9,11,6,1,1,0
3,11,9,6,1,1,1101
3,10,17,6,1,1,1254
3,4,27,6,1,1,336
3,5,23,6,1,1,70
3,12,30,6,1,1,864
3,13,19,6,1,1,397
3,24,13,10,1,1,665
3,25,12,10,1,1,974
3,23,25,10,1,1,966
3,15,21,7,1,1,186
3,17,16,7,1,1,427
3,21,22,7,1,1,493
3,18,10,7,1,1,841
3,20,7,7,1,1,1363
3,19,8,7,1,1,1018
3,28,28,8,1,1,136
3,29,14,8,1,1,1279
3,27,24,8,1,1,226
3,14,0,9,1,1,803
3,31,15,9,1,1,281
3,30,26,9,1,1,0
3,0,1,0,0,1,608
3,2,2,1,0,1,101
3,22,6,5,0,1,1047
3,16,3,2,0,1,1405
3,26,4,3,0,1,1307
3,7,29,6,0,1,806
3,1,31,6,0,1,1275
3,3,20,6,0,1,332
3,6,18,6,0,1,659
3,9,11,6,0,1,0
3,11,9,6,0,1,603
3,10,17,6,0,1,580
3,4,27,6,0,1,817
3,5,23,6,0,1,563
3,12,30,6,0,1,549
3,13,19,6,0,1,802
3,24,13,10,0,1,602
3,25,12,10,0,1,778
3,23,25,10,0,1,190
3,15,21,7,0,1,519
3,17,16,7,0,1,998
3,21,22,7,0,1,765
3,18,10,7,0,1,1297
3,20,7,7,0,1,1053
3,19,8,7,0,1,282
3,28,28,8,0,1,1114
3,29,14,8,0,1,238
3,27,24,8,0,1,1080
3,14,0,9,0,1,972
3,31,15,9,0,1,238
3,30,26,9,0,1,0
3,0,1,0,1,0,911
3,8,5,4,1,0,1130
3,2,2,1,1,0,1174
3,22,6,5,1,0,446
3,16,3,2,1,0,719
3,26,4,3,1,0,1028
3,7,29,6,1,0,687
3,1,31,6,1,0,897
3,3,20,6,1,0,1391
3,6,18,6,1,0,1237
3,9,11,6,1,0,1140
3,11,9,6,1,0,405
3,10,17,6,1,0,771
3,4,27,6,1,0,1179
3,5,23,6,1,0,47
3,12,30,6,1,0,1107
3,13,19,6,1,0,243
3,24,13,10,1,0,554
3,25,12,10,1,0,945
3,23,25,10,1,0,902
3,15,21,7,1,0,55
3,17,16,7,1,0,17
3,21,22,7,1,0,293
3,18,10,7,1,0,914
3,20,7,7,1,0,570
3,19,8,7,1,0,666
3,28,28,8,1,0,95
3,29,14,8,1,0,133
3,27,24,8,1,0,473
3,14,0,9,1,0,1110
3,31,15,9,1,0,891
3,30,26,9,1,0,160
3,0,1,0,0,0,310
3,2,2,1,0,0,901
3,22,6,5,0,0,948
3,16,3,2,0,0,809
3,26,4,3,0,0,1275
3,7,29,6,0,0,552
3,1,31,6,0,0,525
3,3,20,6,0,0,1064
3,6,18,6,0,0,1080
3,9,11,6,0,0,1271
3,11,9,6,0,0,1053
3,10,17,6,0,0,648
3,4,27,6,0,0,1360
3,5,23,6,0,0,602
3,12,30,6,0,0,238
3,13,19,6,0,0,238
3,24,13,10,0,0,457
3,25,12,10,0,0,744
3,23,25,10,0,0,1361
3,15,21,7,0,0,115
3,17,16,7,0,0,425
3,21,22,7,0,0,626
3,18,10,7,0,0,1114
3,20,7,7,0,0,282
3,19,8,7,0,0,764
3,28,28,8,0,0,1002
3,29,14,8,0,0,408
3,27,24,8,0,0,1360
3,14,0,9,0,0,1114
3,31,15,9,0,0,942
3,30,26,9,0,0,1080
2,0,1,0,1,-1,1318
2,8,5,4,1,-1,253
2,2,2,1,1,-1,196
2,22,6,5,1,-1,795
2,16,3,2,1,-1,1316
2,26,4,3,1,-1,16
2,7,29,6,1,-1,1287
2,1,31,6,1,-1,275
2,3,20,6,1,-1,698
2,6,18,6,1,-1,850
2,9,11,6,1,-1,1170
2,11,9,6,1,-1,1270
2,10,17,6,1,-1,74
2,4,27,6,1,-1,560
2,5,23,6,1,-1,467
2,12,30,6,1,-1,164
2,13,19,6,1,-1,664
2,24,13,10,1,-1,1021
2,25,12,10,1,-1,25
2,23,25,10,1,-1,1375
2,15,21,7,1,-1,490
2,17,16,7,1,-1,653
2,21,22,7,1,-1,742
2,18,10,7,1,-1,1384
2,20,7,7,1,-1,117
2,19,8,7,1,-1,1252
2,28,28,8,1,-1,483
2,29,14,8,1,-1,345
2,27,24,8,1,-1,657
2,14,0,9,1,-1,38
2,31,15,9,1,-1,1088
2,30,26,9,1,-1,141
2,0,1,0,0,-1,838
2,2,2,1,0,-1,327
2,22,6,5,0,-1,52
2,16,3,2,0,-1,235
2,26,4,3,0,-1,301
2,7,29,6,0,-1,1173
2,1,31,6,0,-1,3
2,3,20,6,0,-1,512
2,6,18,6,0,-1,726
2,9,11,6,0,-1,1271
2,11,9,6,0,-1,680
2,10,17,6,0,-1,626
2,4,27,6,0,-1,1053
2,5,23,6,0,-1,1014
2,12,30,6,0,-1,829
2,13,19,6,0,-1,1023
2,24,13,10,0,-1,894
2,25,12,10,0,-1,1283
2,23,25,10,0,-1,453
2,15,21,7,0,-1,692
2,17,16,7,0,-1,1231
2,21,22,7,0,-1,1206
2,18,10,7,0,-1,276
2,20,7,7,0,-1,1212
2,19,8,7,0,-1,385
2,28,28,8,0,-1,100
2,29,14,8,0,-1,626
2,27,24,8,0,-1,195
2,14,0,9,0,-1,130
2,31,15,9,0,-1,1102
2,30,26,9,0,-1,1080
2,0,1,0,1,1,762
2,8,5,4,1,1,1264
2,2,2,1,1,1,1119
2,22,6,5,1,1,459
2,16,3,2,1,1,937
2,26,4,3,1,1,965
2,7,29,6,1,1,941
2,1,31,6,1,1,26
2,3,20,6,1,1,551
2,6,18,6,1,1,735
2,9,11,6,1,1,0
2,11,9,6,1,1,1086
2,10,17,6,1,1,1214
2,4,27,6,1,1,390
2,5,23,6,1,1,91
2,12,30,6,1,1,999
2,13,19,6,1,1,391
2,24,13,10,1,1,658
2,25,12,10,1,1,995
2,23,25,10,1,1,905
2,15,21,7,1,1,154
2,17,16,7,1,1,435
2,21,22,7,1,1,498
2,18,10,7,1,1,846
2,20,7,7,1,1,1342
2,19,8,7,1,1,931
2,28,28,8,1,1,106
2,29,14,8,1,1,1182
2,27,24,8,1,1,146
2,14,0,9,1,1,793
2,31,15,9,1,1,256
2,30,26,9,1,1,0
2,0,1,0,0,1,614
2,2,2,1,0,1,111
2,22,6,5,0,1,1049
2,16,3,2,0,1,1405
2,26,4,3,0,1,1262
2,7,29,6,0,1,815
2,1,31,6,0,1,1250
2,3,20,6,0,1,375
2,6,18,6,0,1,659
2,9,11,6,0,1,0
2,11,9,6,0,1,588
2,10,17,6,0,1,549
2,4,27,6,0,1,921
2,5,23,6,0,1,580
2,12,30,6,0,1,626
2,13,19,6,0,1,802
2,24,13,10,0,1,602
2,25,12,10,0,1,797
2,23,25,10,0,1,158
2,15,21,7,0,1,495
2,17,16,7,0,1,1013
2,21,22,7,0,1,782
2,18,10,7,0,1,1317
2,20,7,7,0,1,1038
2,19,8,7,0,1,238
2,28,28,8,0,1,1102
2,29,14,8,0,1,144
2,27,24,8,0,1,955
2,14,0,9,0,1,972
2,31,15,9,0,1,238
2,30,26,9,0,1,0
2,0,1,0,1,0,858
2,8,5,4,1,0,1120
2,2,2,1,1,0,1153
2,22,6,5,1,0,447
2,16,3,2,1,0,714
2,26,4,3,1,0,982
2,7,29,6,1,0,683
2,1,31,6,1,0,840
2,3,20,6,1,0,1401
2,6,18,6,1,0,1236
2,9,11,6,1,0,1169
2,11,9,6,1,0,412
2,10,17,6,1,0,749
2,4,27,6,1,0,1238
2,5,23,6,1,0,12
2,12,30,6,1,0,1183
2,13,19,6,1,0,206
2,24,13,10,1,0,523
2,25,12,10,1,0,979
2,23,25,10,1,0,843
2,15,21,7,1,0,27
2,17,16,7,1,0,23
2,21,22,7,1,0,286
2,18,10,7,1,0,924
2,20,7,7,1,0,611
2,19,8,7,1,0,627
2,28,28,8,1,0,54
2,29,14,8,1,0,1417
2,27,24,8,1,0,402
2,14,0,9,1,0,1128
2,31,15,9,1,0,877
2,30,26,9,1,0,141
2,0,1,0,0,0,321
2,2,2,1,0,0,912
2,22,6,5,0,0,971
2,16,3,2,0,0,822
2,26,4,3,0,0,1242
2,7,29,6,0,0,555
2,1,31,6,0,0,500
2,3,20,6,0,0,1081
2,6,18,6,0,0,1080
2,9,11,6,0,0,1271
2,11,9,6,0,0,1064
2,10,17,6,0,0,648
2,4,27,6,0,0,1360
2,5,23,6,0,0,580
2,12,30,6,0,0,313
2,13,19,6,0,0,195
2,24,13,10,0,0,434
2,25,12,10,0,0,772
2,23,25,10,0,0,1327
2,15,21,7,0,0,110
2,17,16,7,0,0,448
2,21,22,7,0,0,649
2,18,10,7,0,0,1137
2,20,7,7,0,0,313
2,19,8,7,0,0,764
2,28,28,8,0,0,983
2,29,14,8,0,0,356
2,27,24,8,0,0,1271
2,14,0,9,0,0,1172
2,31,15,9,0,0,921
2,30,26,9,0,0,1080
1,0,1,0,1,-1,1289
1,8,5,4,1,-1,254
1,2,2,1,1,-1,180
1,22,6,5,1,-1,786
1,16,3,2,1,-1,1312
1,26,4,3,1,-1,1402
1,7,29,6,1,-1,1273
1,1,31,6,1,-1,212
1,3,20,6,1,-1,696
1,6,18,6,1,-1,851
1,9,11,6,1,-1,1200
1,11,9,6,1,-1,1261
1,10,17,6,1,-1,65
1,4,27,6,1,-1,553
1,5,23,6,1,-1,440
1,12,30,6,1,-1,194
1,13,19,6,1,-1,647
1,24,13,10,1,-1,1042
1,25,12,10,1,-1,32
1,23,25,10,1,-1,1339
1,15,21,7,1,-1,489
1,17,16,7,1,-1,655
1,21,22,7,1,-1,755
1,18,10,7,1,-1,1407
1,20,7,7,1,-1,108
1,19,8,7,1,-1,1245
1,28,28,8,1,-1,502
1,29,14,8,1,-1,249
1,27,24,8,1,-1,601
1,14,0,9,1,-1,102
1,31,15,9,1,-1,1095
1,30,26,9,1,-1,188
1,0,1,0,0,-1,860
1,2,2,1,0,-1,327
1,22,6,5,0,-1,66
1,16,3,2,0,-1,273
1,26,4,3,0,-1,317
1,7,29,6,0,-1,1156
1,1,31,6,0,-1,1367
1,3,20,6,0,-1,524
1,6,18,6,0,-1,726
1,9,11,6,0,-1,1360
1,11,9,6,0,-1,691
1,10,17,6,0,-1,649
1,4,27,6,0,-1,1064
1,5,23,6,0,-1,1014
1,12,30,6,0,-1,942
1,13,19,6,0,-1,1023
1,24,13,10,0,-1,942
1,25,12,10,0,-1,1304
1,23,25,10,0,-1,460
1,15,21,7,0,-1,713
1,17,16,7,0,-1,1253
1,21,22,7,0,-1,1255
1,18,10,7,0,-1,337
1,20,7,7,0,-1,1219
1,19,8,7,0,-1,408
1,28,28,8,0,-1,167
1,29,14,8,0,-1,580
1,27,24,8,0,-1,195
1,14,0,9,0,-1,222
1,31,15,9,0,-1,1172
1,30,26,9,0,-1,1194
1,0,1,0,1,1,745
1,8,5,4,1,1,1259
1,2,2,1,1,1,1105
1,22,6,5,1,1,452
1,16,3,2,1,1,923
1,26,4,3,1,1,904
1,7,29,6,1,1,908
1,1,31,6,1,1,1371
1,3,20,6,1,1,548
1,6,18,6,1,1,740
1,9,11,6,1,1,0
1,11,9,6,1,1,1079
1,10,17,6,1,1,1209
1,4,27,6,1,1,381
1,5,23,6,1,1,42
1,12,30,6,1,1,1051
1,13,19,6,1,1,377
1,24,13,10,1,1,662
1,25,12,10,1,1,1016
1,23,25,10,1,1,845
1,15,21,7,1,1,148
1,17,16,7,1,1,430
1,21,22,7,1,1,501
1,18,10,7,1,1,876
1,20,7,7,1,1,1337
1,19,8,7,1,1,922
1,28,28,8,1,1,135
1,29,14,8,1,1,1052
1,27,24,8,1,1,86
1,14,0,9,1,1,832
1,31,15,9,1,1,252
1,30,26,9,1,1,0
1,0,1,0,0,1,629
1,2,2,1,0,1,111
1,22,6,5,0,1,1070
1,16,3,2,0,1,10
1,26,4,3,0,1,1297
1,7,29,6,0,1,800
1,1,31,6,0,1,1186
1,3,20,6,0,1,380
1,6,18,6,0,1,668
1,9,11,6,0,1,0
1,11,9,6,0,1,605
1,10,17,6,0,1,563
1,4,27,6,0,1,942
1,5,23,6,0,1,580
1,12,30,6,0,1,668
1,13,19,6,0,1,817
1,24,13,10,0,1,602
1,25,12,10,0,1,822
1,23,25,10,0,1,171
1,15,21,7,0,1,527
1,17,16,7,0,1,1045
1,21,22,7,0,1,848
1,18,10,7,0,1,1392
1,20,7,7,0,1,1053
1,19,8,7,0,1,282
1,28,28,8,0,1,1148
1,29,14,8,0,1,68
1,27,24,8,0,1,955
1,14,0,9,0,1,1064
1,31,15,9,0,1,313
1,30,26,9,0,1,0
1,0,1,0,1,0,834
1,8,5,4,1,0,1134
1,2,2,1,1,0,1125
1,22,6,5,1,0,439
1,16,3,2,1,0,721
1,26,4,3,1,0,932
1,7,29,6,1,0,677
1,1,31,6,1,0,788
1,3,20,6,1,0,1396
1,6,18,6,1,0,1215
1,9,11,6,1,0,1200
1,11,9,6,1,0,409
1,10,17,6,1,0,750
1,4,27,6,1,0,1222
1,5,23,6,1,0,1410
1,12,30,6,1,0,1221
1,13,19,6,1,0,169
1,24,13,10,1,0,544
1,25,12,10,1,0,970
1,23,25,10,1,0,814
1,15,21,7,1,0,31
1,17,16,7,1,0,46
1,21,22,7,1,0,312
1,18,10,7,1,0,958
1,20,7,7,1,0,596
1,19,8,7,1,0,613
1,28,28,8,1,0,88
1,29,14,8,1,0,1315
1,27,24,8,1,0,343
1,14,0,9,1,0,1197
1,31,15,9,1,0,895
1,30,26,9,1,0,187
1,0,1,0,0,0,342
1,2,2,1,0,0,916
1,22,6,5,0,0,975
1,16,3,2,0,0,870
1,26,4,3,0,0,1262
1,7,29,6,0,0,550
1,1,31,6,0,0,476
1,3,20,6,0,0,1089
1,6,18,6,0,0,1080
1,9,11,6,0,0,1360
1,11,9,6,0,0,1081
1,10,17,6,0,0,764
1,4,27,6,0,0,1360
1,5,23,6,0,0,580
1,12,30,6,0,0,356
1,13,19,6,0,0,144
1,24,13,10,0,0,457
1,25,12,10,0,0,772
1,23,25,10,0,0,1354
1,15,21,7,0,0,167
1,17,16,7,0,0,468
1,21,22,7,0,0,678
1,18,10,7,0,0,1206
1,20,7,7,0,0,313
1,19,8,7,0,0,764
1,28,28,8,0,0,1038
1,29,14,8,0,0,282
1,27,24,8,0,0,1194
1,14,0,9,0,0,1255
1,31,15,9,0,0,983
1,30,26,9,0,0,1194
0,0,1,0,1,-1,1258
0,8,5,4,1,-1,240
0,2,2,1,1,-1,129
0,22,6,5,1,-1,775
0,16,3,2,1,-1,1284
0,26,4,3,1,-1,1347
0,7,29,6,1,-1,1225
0,1,31,6,1,-1,150
0,3,20,6,1,-1,663
0,6,18,6,1,-1,791
0,9,11,6,1,-1,1124
0,11,9,6,1,-1,1230
0,10,17,6,1,-1,6
0,4,27,6,1,-1,503
0,5,23,6,1,-1,393
0,12,30,6,1,-1,210
0,13,19,6,1,-1,604
0,24,13,10,1,-1,1059
0,25,12,10,1,-1,51
0,23,25,10,1,-1,1296
0,15,21,7,1,-1,470
0,17,16,7,1,-1,654
0,21,22,7,1,-1,725
0,18,10,7,1,-1,1406
0,20,7,7,1,-1,98
0,19,8,7,1,-1,1248
0,28,28,8,1,-1,508
0,29,14,8,1,-1,173
0,27,24,8,1,-1,568
0,14,0,9,1,-1,182
0,31,15,9,1,-1,1076
0,30,26,9,1,-1,153
0,0,1,0,0,-1,852
0,2,2,1,0,-1,288
0,22,6,5,0,-1,78
0,16,3,2,0,-1,280
0,26,4,3,0,-1,323
0,7,29,6,0,-1,1098
0,1,31,6,0,-1,1297
0,3,20,6,0,-1,477
0,6,18,6,0,-1,690
0,9,11,6,0,-1,1360
0,11,9,6,0,-1,672
0,10,17,6,0,-1,602
0,4,27,6,0,-1,1023
0,5,23,6,0,-1,956
0,12,30,6,0,-1,972
0,13,19,6,0,-1,983
0,24,13,10,0,-1,956
0,25,12,10,0,-1,1331
0,23,25,10,0,-1,436
0,15,21,7,0,-1,712
0,17,16,7,0,-1,1267
0,21,22,7,0,-1,1250
0,18,10,7,0,-1,351
0,20,7,7,0,-1,1228
0,19,8,7,0,-1,408
0,28,28,8,0,-1,178
0,29,14,8,0,-1,525
0,27,24,8,0,-1,144
0,14,0,9,0,-1,297
0,31,15,9,0,-1,1126
0,30,26,9,0,-1,1194
0,0,1,0,1,1,718
0,8,5,4,1,1,1246
0,2,2,1,1,1,1061
0,22,6,5,1,1,444
0,16,3,2,1,1,886
0,26,4,3,1,1,824
0,7,29,6,1,1,826
0,1,31,6,1,1,1305
0,3,20,6,1,1,494
0,6,18,6,1,1,695
0,9,11,6,1,1,0
0,11,9,6,1,1,1036
0,10,17,6,1,1,1162
0,4,27,6,1,1,330
0,5,23,6,1,1,14
0,12,30,6,1,1,1043
0,13,19,6,1,1,333
0,24,13,10,1,1,681
0,25,12,10,1,1,1027
0,23,25,10,1,1,805
0,15,21,7,1,1,107
0,17,16,7,1,1,433
0,21,22,7,1,1,471
0,18,10,7,1,1,863
0,20,7,7,1,1,1336
0,19,8,7,1,1,899
0,28,28,8,1,1,138
0,29,14,8,1,1,930
0,27,24,8,1,1,50
0,14,0,9,1,1,913
0,31,15,9,1,1,191
0,30,26,9,1,1,0
0,0,1,0,0,1,620
0,2,2,1,0,1,57
0,22,6,5,0,1,1077
0,16,3,2,0,1,20
0,26,4,3,0,1,1297
0,7,29,6,0,1,754
0,1,31,6,0,1,1126
0,3,20,6,0,1,325
0,6,18,6,0,1,626
0,9,11,6,0,1,0
0,11,9,6,0,1,575
0,10,17,6,0,1,549
0,4,27,6,0,1,867
0,5,23,6,0,1,580
0,12,30,6,0,1,668
0,13,19,6,0,1,782
0,24,13,10,0,1,649
0,25,12,10,0,1,842
0,23,25,10,0,1,126
0,15,21,7,0,1,522
0,17,16,7,0,1,1063
0,21,22,7,0,1,829
0,18,10,7,0,1,1409
0,20,7,7,0,1,1064
0,19,8,7,0,1,282
0,28,28,8,0,1,1172
0,29,14,8,0,1,2
0,27,24,8,0,1,955
0,14,0,9,0,1,1137
0,31,15,9,0,1,282
0,30,26,9,0,1,0
0,0,1,0,1,0,804
0,8,5,4,1,0,1122
0,2,2,1,1,0,1083
0,22,6,5,1,0,431
0,16,3,2,1,0,708
0,26,4,3,1,0,839
0,7,29,6,1,0,642
0,1,31,6,1,0,717
0,3,20,6,1,0,1332
0,6,18,6,1,0,1203
0,9,11,6,1,0,1123
0,11,9,6,1,0,395
0,10,17,6,1,0,679
0,4,27,6,1,0,1176
0,5,23,6,1,0,1278
0,12,30,6,1,0,1244
0,13,19,6,1,0,116
0,24,13,10,1,0,529
0,25,12,10,1,0,989
0,23,25,10,1,0,779
0,15,21,7,1,0,15
0,17,16,7,1,0,39
0,21,22,7,1,0,289
0,18,10,7,1,0,963
0,20,7,7,1,0,571
0,19,8,7,1,0,640
0,28,28,8,1,0,97
0,29,14,8,1,0,1240
0,27,24,8,1,0,305
0,14,0,9,1,0,1260
0,31,15,9,1,0,882
0,30,26,9,1,0,152
0,0,1,0,0,0,338
0,2,2,1,0,0,835
0,22,6,5,0,0,984
0,16,3,2,0,0,875
0,26,4,3,0,0,1262
0,7,29,6,0,0,496
0,1,31,6,0,0,434
0,3,20,6,0,0,1038
0,6,18,6,0,0,1080
0,9,11,6,0,0,1360
0,11,9,6,0,0,1074
0,10,17,6,0,0,648
0,4,27,6,0,0,1360
0,5,23,6,0,0,500
0,12,30,6,0,0,408
0,13,19,6,0,0,144
0,24,13,10,0,0,434
0,25,12,10,0,0,794
0,23,25,10,0,0,1307
0,15,21,7,0,0,171
0,17,16,7,0,0,466
0,21,22,7,0,0,678
0,18,10,7,0,0,1212
0,20,7,7,0,0,313
0,19,8,7,0,0,764
0,28,28,8,0,0,1064
0,29,14,8,0,0,238
0,27,24,8,0,0,1194
0,14,0,9,0,0,1354
0,31,15,9,0,0,942
0,30,26,9,0,0,1194
